{
    "uvs":[[0,0,0.96577,0,0.96577,1,0,1,0,1,0.96577,0,0.96577,1,0,1,0.96577,0,0.96577,1,0,1,0.96577,1,0,0,0.96577,1,0,1,0,0,0.96577,1,0,0,0.965771,0,0.965771,1,0,1,0,0,0,1,0,1]],
    "name":"PlaneGeometry.3",
    "normals":[0,-0,-1,0,-0,-1],
    "faces":[41,32,11,3,16,0,1,2,3,0,0,0,0,41,15,1,8,20,0,1,2,3,0,0,0,0,41,20,8,9,24,4,0,5,6,0,0,0,0,41,24,9,10,28,7,0,8,9,1,1,1,1,41,28,10,11,32,10,0,8,11,0,0,0,0,41,5,31,35,4,10,0,8,11,0,0,0,0,41,31,30,34,35,12,1,2,3,0,0,0,0,41,30,29,33,34,0,1,2,3,0,0,0,0,41,29,28,32,33,0,5,13,3,0,0,0,0,41,6,27,31,5,7,0,8,9,1,1,1,1,41,27,26,30,31,14,0,1,2,0,0,0,0,41,26,25,29,30,0,5,2,3,1,1,1,1,41,25,24,28,29,14,0,1,2,0,0,0,0,41,7,23,27,6,4,0,5,6,0,0,0,0,41,23,22,26,27,12,1,2,3,0,0,0,0,41,22,21,25,26,0,1,2,3,0,0,0,0,41,21,20,24,25,0,5,13,3,0,0,0,0,41,0,12,23,7,15,5,16,3,0,0,0,0,41,12,13,22,23,17,18,19,20,0,0,0,0,41,13,14,21,22,21,8,16,22,0,0,0,0,41,14,15,20,21,21,8,9,23,0,0,0,0,41,4,35,19,2,15,5,16,3,0,0,0,0,41,35,34,18,19,17,18,19,20,0,0,0,0,41,34,33,17,18,21,8,16,22,0,0,0,0,41,33,32,16,17,21,8,9,23,0,0,0,0],
    "metadata":{
        "generator":"io_three",
        "uvs":1,
        "type":"Geometry",
        "vertices":36,
        "normals":2,
        "faces":25,
        "version":3
    },
    "vertices":[-1,0,1,1,0,1,-1,-0,-1,1,-0,-1,-1,-0,-0.6,-1,-0,-0.2,-1,0,0.2,-1,0,0.6,1,0,0.6,1,0,0.2,1,-0,-0.2,1,-0,-0.6,-0.6,0,1,-0.2,0,1,0.2,0,1,0.6,0,1,0.6,-0,-1,0.2,-0,-1,-0.2,-0,-1,-0.6,-0,-1,0.6,0,0.6,0.2,0,0.6,-0.2,0,0.6,-0.6,0,0.6,0.6,0,0.2,0.2,0,0.2,-0.2,0,0.2,-0.6,0,0.2,0.6,-0,-0.2,0.2,-0,-0.2,-0.2,-0,-0.2,-0.6,-0,-0.2,0.6,-0,-0.6,0.2,-0,-0.6,-0.2,-0,-0.6,-0.6,-0,-0.6]
}