{
    "normals":[0,0,1,-0,0,1,-0,0,1,0,0,1,-0,0,1,0,1e-06,1,-0,0,1,-0,0,1,-0,0,1,-0,0,1,-0,0,1,-0,0,1,0,0,1,-0,0,1,0,0,1,-0,0,1,-0,0,1,0,-0,1,-0,0,1,0,0,1,-0,0,1,-0,0,1,-0,0,1,0,-0,-1,0,-0,-1,-0,0,-1,0,-0,-1,-0,-0,-1,-0,0,-1,-0,-0,-1,1,0,-0,0.281271,-0.959629,-0,-0.052557,0.998618,-0,-0.808736,-0.588172,-0,0,1,-0,0.462566,-0.886585,-0,0.99964,-0.026836,-0,-0.025633,0.999671,-0,0.650791,-0.759257,-0,-0.004987,0.999988,-0,0.986394,-0.164399,-0,-1,0,0,0.837611,-0.546268,-0,-0.99933,-0.036592,-0,0,-1,0,-0.064383,0.997925,-0,0.933346,-0.358979,-0,-0.999392,-0.034862,-0,-0.992278,0.124035,-0,0.998618,0.052559,-0,0.985212,-0.171341,-0,0.020096,-0.999798,-0,-0.023115,0.999733,-0,-0.023115,0.999733,-0,-0.023115,0.999733,0,0,-0,-1,0,0,-1,-1e-06,0,-1,2e-06,-1.1e-05,-1,9e-06,6e-06,-1,0,-0,-1,-0,6e-06,-1,2e-05,-2e-06,-1,1e-06,-5e-06,-1,-3e-06,2e-06,-1,1e-06,-8e-06,-1,0.83761,-0.546268,0,-0.813218,-0.581959,1e-06,0.933346,-0.358979,0,-0.900159,-0.43556,1e-06,0.985212,-0.171341,0,-0.991228,0.132164,-0,-0.759256,0.650792,-1e-06,-0.052558,0.998618,-0,-0.808737,-0.58817,1e-06,0.028158,0.999604,-1e-06,-0.801943,0.5974,-0,0.462567,-0.886584,1e-06,0.650791,-0.759257,1e-06,1,0,1e-06,3e-06,9e-06,-1,1e-06,2.3e-05,-1,0,0,-1,-0.028157,-0.999604,-4e-06,-0.999905,0.013773,-1e-06,0.801943,-0.597401,-2e-06,-0.025633,0.999671,4e-06,-1,0,-1e-06,-2e-06,5e-06,-1,-3.9e-05,2.4e-05,-1,1.6e-05,-4e-06,-1,-0,3e-06,-1,-5e-05,7e-06,-1,-8e-06,0,-1,-0.992278,0.124035,-0,0,-0,-1,-0,-0,-1,-0,-0,-1,0.999555,-0.029837,-0,0.986394,-0.164399,-0,-0.023115,0.999733,-0,-1,-0.000303,-0,0.998618,0.052559,-0],
    "name":"Plane.004Geometry.1",
    "uvs":[],
    "vertices":[-0.289417,-0.031293,2.70031,-0.491346,-0.031293,2.70031,-1.49089,-0.031293,2.72051,-0.486298,-0.031293,2.7407,-0.279321,-0.031293,2.76089,0.013475,-0.031293,2.84671,0.053861,-0.031293,2.79118,0.16997,-0.031293,2.85176,0.240645,-0.031293,2.91234,0.316368,-0.031293,3.02845,0.366851,-0.031293,3.1597,0.387043,-0.031293,3.27581,0.387043,-0.031293,3.42726,0.291127,-0.031293,3.42221,0.291127,-0.031293,3.54337,-0.102634,-0.031293,3.53327,-0.102634,-0.031293,3.44745,-0.259128,-0.031293,3.43736,-0.264176,-0.031293,3.53327,-1.13752,-0.031293,3.51308,-1.13752,-0.031293,3.5888,-1.32935,-0.031293,3.5888,-1.32531,-0.031293,3.73924,-1.52774,-0.031293,3.73823,-1.49922,-0.031293,2.95929,-0.289417,0.24649,2.70031,-0.491346,0.24649,2.70031,-1.49089,0.382256,2.72051,-0.486298,0.382256,2.7407,-0.279321,0.382256,2.76089,0.013475,0.382256,2.84671,0.053861,0.24649,2.79118,0.16997,0.24649,2.85176,0.240645,0.24649,2.91234,0.316368,0.24649,3.02845,0.366851,0.24649,3.1597,0.387043,0.24649,3.27581,0.387043,0.24649,3.42726,0.291127,0.24649,3.42221,0.291127,0.24649,3.54337,-0.102634,0.24649,3.53327,-0.102634,0.382256,3.44745,-0.259128,0.382256,3.43736,-0.264176,0.24649,3.53327,-1.13752,0.382256,3.51308,-1.13752,0.382256,3.5888,-1.32935,0.382256,3.5888,-1.32531,0.382256,3.73924,-1.52774,0.382256,3.73823,-1.49922,0.382256,2.95929,0.254912,0.493466,3.37359,-0.103512,0.493466,3.38369,-0.19438,0.493466,3.27768,-0.204476,0.493466,3.20195,-0.128753,0.493464,3.04546,0.291127,0.493465,3.42221,0.387043,0.493465,3.42726,0.387043,0.493465,3.27581,0.366851,0.493465,3.1597,0.316368,0.493465,3.02845,0.240645,0.493465,2.91234,0.16997,0.493465,2.85176,0.053861,0.493465,2.79118,0.013475,0.493465,2.84671,-0.128753,0.382254,3.04546,-0.204476,0.382256,3.20195,-0.19438,0.382256,3.27768,-0.103512,0.382257,3.38369,0.254912,0.246491,3.37359,0.291128,0.581185,3.42221,0.291128,0.581185,3.54337,-0.102633,0.581185,3.53327,-0.102633,0.581185,3.44745,0.254912,0.581186,3.3736,-0.103512,0.581187,3.38369,-0.486537,0.382256,3.52813,-0.289417,0.443911,2.70031,-0.279321,0.443911,2.76089,-0.491346,0.443911,2.70031,-0.486298,0.443911,2.7407,-0.259128,0.443911,3.43736,-0.264176,0.443911,3.53327,-0.486537,0.443911,3.52813],
    "metadata":{
        "normals":103,
        "generator":"io_three",
        "faces":111,
        "materials":0,
        "uvs":0,
        "type":"Geometry",
        "vertices":83,
        "version":3
    },
    "faces":[34,0,3,1,0,0,0,0,34,24,2,3,0,1,1,1,34,22,23,24,0,2,2,2,34,19,20,21,0,3,3,3,34,21,22,24,0,4,4,4,34,0,24,3,0,5,5,5,34,5,6,7,0,6,6,6,34,0,4,24,0,7,7,7,34,5,7,8,0,8,8,8,34,4,5,24,0,9,9,9,34,19,21,24,0,10,10,10,34,17,18,19,0,11,11,11,34,14,15,16,0,12,12,12,34,17,19,24,0,13,13,13,34,13,14,16,0,14,14,14,34,16,17,24,0,15,15,15,34,5,8,24,0,16,16,16,34,8,9,10,0,17,17,17,34,10,11,12,0,18,18,18,34,13,16,24,0,19,19,19,34,10,12,13,0,20,20,20,34,8,10,24,0,21,21,21,34,10,13,24,0,22,22,22,34,46,45,44,0,23,23,23,34,75,28,44,0,24,24,24,34,28,27,49,0,25,25,25,34,49,48,47,0,26,26,26,34,28,46,44,0,27,27,27,34,49,47,46,0,28,28,28,34,28,49,46,0,29,29,29,35,12,11,36,37,0,30,30,30,30,35,5,4,29,30,0,31,31,31,31,35,20,19,44,45,0,30,30,30,30,35,13,12,37,38,0,32,32,32,32,35,6,5,30,31,0,33,33,33,33,35,21,20,45,46,0,34,34,34,34,35,14,13,38,39,0,30,30,30,30,35,7,6,31,32,0,35,35,35,35,35,22,21,46,47,0,36,36,36,36,35,15,14,39,40,0,37,37,37,37,35,8,7,32,33,0,38,38,38,38,35,23,22,47,48,0,39,39,39,39,35,4,0,25,29,0,40,40,40,40,35,16,15,40,41,0,41,41,41,41,35,9,8,33,34,0,42,42,42,42,35,24,23,48,49,0,43,43,43,43,35,0,1,26,25,0,44,44,44,44,35,17,16,41,42,0,45,45,45,45,35,10,9,34,35,0,46,46,46,46,35,2,24,49,27,0,47,47,47,47,35,1,3,28,26,0,48,48,48,48,35,18,17,42,43,0,49,49,49,49,35,11,10,35,36,0,50,50,50,50,35,3,2,27,28,0,51,51,51,51,34,19,75,44,0,52,52,52,34,18,43,75,0,53,53,53,34,19,18,75,0,54,54,54,34,63,61,62,0,55,55,55,34,59,60,61,0,56,56,56,34,57,58,59,0,57,57,57,34,55,56,57,0,55,55,55,34,52,51,50,0,58,58,58,34,50,55,57,0,59,59,59,34,57,59,61,0,60,60,60,34,63,54,61,0,61,61,61,34,54,53,52,0,62,62,62,34,52,50,57,0,63,63,63,34,54,57,61,0,64,64,64,34,54,52,57,0,65,65,65,35,34,33,60,59,0,66,66,66,66,35,30,64,54,63,0,67,67,67,67,35,35,34,59,58,0,68,68,68,68,35,64,65,53,54,0,69,69,69,69,35,36,35,58,57,0,70,70,70,70,35,65,66,52,53,0,71,71,71,71,35,37,36,57,56,0,30,30,30,30,35,66,67,51,52,0,72,72,72,72,35,38,37,56,55,0,73,73,73,73,35,31,30,63,62,0,74,74,74,74,35,67,68,50,51,0,75,75,75,75,35,68,38,55,50,0,76,76,76,76,35,32,31,62,61,0,77,77,77,77,35,33,32,61,60,0,78,78,78,78,35,39,38,69,70,0,79,79,79,79,34,74,69,73,0,80,80,80,34,71,70,69,0,23,23,23,34,74,72,69,0,81,81,81,34,72,71,69,0,82,82,82,35,68,67,74,73,0,83,83,83,83,35,67,41,72,74,0,84,84,84,84,35,38,68,73,69,0,85,85,85,85,35,40,39,70,71,0,86,86,86,86,35,41,40,71,72,0,87,87,87,87,34,29,64,30,0,88,88,88,34,41,67,66,0,89,89,89,34,29,65,64,0,90,90,90,34,42,41,66,0,91,91,91,34,29,66,65,0,92,92,92,34,29,42,66,0,93,93,93,35,26,28,79,78,0,94,94,94,94,34,76,80,77,0,95,95,95,34,82,81,80,0,82,82,82,34,76,78,79,0,25,25,25,34,79,82,80,0,96,96,96,34,76,79,80,0,97,97,97,35,42,29,77,80,0,98,98,98,98,35,29,25,76,77,0,99,99,99,99,35,75,43,81,82,0,100,100,100,100,35,25,26,78,76,0,44,44,44,44,35,28,75,82,79,0,101,101,101,101,35,43,42,80,81,0,102,102,102,102],
    "materials":[]
}