{
    "faces":[35,13,6,8,14,0,0,0,0,0,35,6,13,12,7,0,1,1,1,1,35,12,14,8,7,0,2,2,2,2,35,1,2,17,16,1,3,3,3,3,35,5,4,9,11,1,4,4,4,4,35,3,4,6,7,0,5,5,5,5,35,5,3,7,8,0,6,6,6,6,35,4,5,8,6,0,7,7,7,7,34,9,10,11,0,8,8,8,35,3,5,11,10,1,9,9,9,9,35,4,3,10,9,1,10,10,10,10,35,1,0,12,13,0,11,11,11,11,35,0,2,14,12,0,12,12,12,12,35,2,1,13,14,0,13,13,13,13,34,16,17,15,0,14,14,14,35,2,0,15,17,1,15,15,15,15,35,0,1,16,15,1,16,16,16,16,35,29,24,21,27,2,17,17,17,17,35,26,19,23,28,2,18,18,18,18,35,28,23,24,29,2,19,19,19,19,35,31,28,29,32,3,19,19,19,19,35,33,26,28,31,2,20,20,20,20,35,32,29,27,30,2,21,21,21,21,35,25,32,30,20,2,17,17,17,17,35,18,33,31,22,2,18,18,18,18,35,22,31,32,25,2,19,19,19,19,35,34,35,36,37,4,12,12,12,12,35,38,34,37,39,4,22,22,22,22,34,40,35,34,4,23,23,23,34,42,43,35,4,24,24,24,34,40,41,35,4,25,25,25,34,41,42,35,4,24,24,24,35,35,43,44,36,4,26,26,26,26,34,44,46,47,4,27,27,27,34,45,37,47,4,28,28,28,34,36,44,47,4,29,29,29,34,37,36,47,4,30,30,30,34,39,51,52,4,5,5,5,34,49,50,51,4,6,6,6,34,39,48,51,4,7,7,7,34,48,49,51,4,5,5,5,34,38,58,43,4,7,7,7,34,55,56,57,4,5,5,5,34,38,39,52,4,7,7,7,34,54,55,57,4,31,31,31,34,38,52,53,4,7,7,7,34,54,57,58,4,5,5,5,34,38,53,50,4,5,5,5,34,38,54,58,4,5,5,5,34,38,50,49,4,7,7,7,34,38,49,54,4,5,5,5,34,56,55,44,4,6,6,6,34,43,58,44,4,6,6,6,34,59,56,44,4,6,6,6,34,58,59,44,4,6,6,6,34,43,42,60,4,32,32,32,34,40,34,60,4,33,33,33,34,38,43,60,4,34,34,34,34,34,38,60,4,24,24,24,34,45,39,37,4,35,35,35,34,62,48,39,4,36,36,36,34,45,61,39,4,37,37,37,34,61,62,39,4,38,38,38,35,41,40,45,47,5,6,6,6,6,35,42,41,47,46,5,39,39,39,39,35,63,46,44,55,4,40,40,40,40,35,49,48,62,64,4,41,41,41,41,35,54,49,64,65,4,27,27,27,27,35,65,63,55,54,4,42,42,42,42,35,40,60,61,45,5,43,43,43,43,34,68,69,64,4,11,11,11,34,61,66,62,4,12,12,12,34,68,64,62,4,12,12,12,34,66,67,62,4,12,12,12,34,67,68,62,4,12,12,12,34,42,71,72,4,11,11,11,34,63,70,71,4,12,12,12,34,42,46,71,4,14,14,14,34,46,63,71,4,13,13,13,34,66,61,60,4,11,11,11,34,42,72,60,4,14,14,14,34,73,70,63,4,12,12,12,34,69,66,60,4,14,14,14,34,73,63,65,4,11,11,11,34,64,69,60,4,14,14,14,34,72,73,65,4,14,14,14,34,65,64,60,4,14,14,14,34,72,65,60,4,12,12,12,35,72,71,59,58,6,44,44,44,44,35,58,57,73,72,6,27,27,27,27,35,71,70,56,59,6,45,45,45,45,35,57,56,70,73,6,26,26,26,26,35,66,69,53,52,6,46,46,46,46,35,67,66,52,51,6,45,45,45,45,35,50,53,69,68,6,47,47,47,47,35,51,50,68,67,6,48,48,48,48],
    "uvs":[],
    "vertices":[-1.21002,0.930996,1.03249,-1.21002,1.39642,-0,-1.21002,0.930996,-1.03249,1.21002,0.931314,1.03021,1.21002,1.39571,-0,1.21002,0.931314,-1.03021,1.21002,1.45171,-0,1.21002,0.906268,1.21002,1.21002,0.906267,-1.21002,1.07431,1.39571,-0,1.07431,0.931314,1.03021,1.07431,0.931314,-1.03021,-1.21002,0.906268,1.21002,-1.21002,1.45171,-0,-1.21002,0.906267,-1.21002,-1.05015,0.930996,1.03249,-1.05015,1.39642,-0,-1.05015,0.930996,-1.03249,-2.30465,0,2.30465,2.30465,0,2.30465,-2.30465,-0,-2.30465,2.30465,-0,-2.30465,-2.30465,0,0.961709,2.30465,0,0.961709,2.30465,-0,-0.896165,-2.30465,-0,-0.896165,0.916738,0,2.30465,0.916738,-0,-2.30465,0.916738,0,0.961709,0.916738,-0,-0.896165,-0.931475,-0,-2.30465,-0.931475,0,0.961709,-0.931475,-0,-0.896165,-0.931475,0,2.30465,-1,0.952185,1,-1,0.952185,-1,-1,-6.2e-05,-1,-1,-6.2e-05,1,1,0.952185,1,1,-6.2e-05,1,-0.850571,0.952185,0.850571,-0.850571,0.952185,-0.850571,0.850571,0.952185,-0.850571,1,0.952185,-1,1,-6.2e-05,-1,-0.850571,-6.2e-05,0.850571,0.850571,-6.2e-05,-0.850571,-0.850571,-6.2e-05,-0.850571,1,-6.2e-05,0.188073,1,0.680019,0.188073,1,0.568398,0.408092,1,0.193764,0.408092,1,0.193764,0.782725,1,0.568398,0.782725,1,0.680019,-0.188073,1,-6.2e-05,-0.188073,1,0.193764,-0.408092,1,0.568398,-0.408092,1,0.568398,-0.782725,1,0.193764,-0.782725,0.850571,0.952185,0.850571,0.850571,-6.2e-05,0.850571,0.850571,-6.2e-05,0.188073,0.850571,-6.2e-05,-0.188073,0.850571,0.680019,0.188073,0.850571,0.680019,-0.188073,0.850571,0.193764,0.782725,0.850571,0.193764,0.408092,0.850571,0.568398,0.408092,0.850571,0.568398,0.782725,0.850571,0.193764,-0.408092,0.850571,0.193764,-0.782725,0.850571,0.568398,-0.782725,0.850571,0.568398,-0.408092],
    "normals":[0,-0.410952,-0.911657,0,0.410952,-0.911657,0,0,1,0,0.410952,0.911657,0,0.410952,0.911657,1,0,-0,1,0,0,1,-0,-0,1,0,0,0,-0,-1,0,-0.410952,0.911657,-1,-0,0,-1,0,-0,-1,0,0,-1,-0,-0,0,-0,-1,0,-0.410952,0.911657,0,-0,-1,0,-0,-1,0,-0,-1,0,-0,-1,0,-0,-1,0,1,0,-0,-0,-1,0,-0,-1,0,-0,-1,0,-1,-0,0,0,1,0,0,1,-0,-0,1,-0,0,1,1,-0,0,-0,-0,-1,0,0,-1,0,-0,-1,0,-0,1,0,0,1,-0,0,1,-0,0,1,0,1,-0,0,0,1,0,-1,0,0,1,-0,0,-1,0,0,1,-0,0,-0,-1,0,-1,0,0,0,1,-0,1,-0],
    "metadata":{
        "type":"Geometry",
        "materials":7,
        "faces":96,
        "uvs":0,
        "generator":"io_three",
        "vertices":74,
        "normals":49,
        "version":3
    },
    "materials":[{
        "DbgIndex":3,
        "DbgColor":238,
        "transparent":false,
        "specularCoef":50,
        "DbgName":"Material.005",
        "depthTest":true,
        "visible":true,
        "opacity":1,
        "blending":"NormalBlending",
        "wireframe":false,
        "depthWrite":true,
        "colorEmissive":[0,0,0],
        "shading":"phong",
        "colorSpecular":[0.5,0.5,0.5],
        "colorDiffuse":[0.134616,0.038537,0.0148]
    },{
        "DbgIndex":4,
        "DbgColor":15658496,
        "transparent":false,
        "specularCoef":50,
        "DbgName":"Material.006",
        "depthTest":true,
        "visible":true,
        "opacity":1,
        "blending":"NormalBlending",
        "wireframe":false,
        "depthWrite":true,
        "colorEmissive":[0,0,0],
        "shading":"phong",
        "colorSpecular":[0.5,0.5,0.5],
        "colorDiffuse":[0.558553,0.145836,0.049875]
    },{
        "DbgIndex":5,
        "DbgColor":61166,
        "transparent":false,
        "specularCoef":50,
        "DbgName":"Material.001",
        "depthTest":true,
        "visible":true,
        "opacity":1,
        "blending":"NormalBlending",
        "wireframe":false,
        "depthWrite":true,
        "colorEmissive":[0,0,0],
        "shading":"phong",
        "colorSpecular":[0.5,0.5,0.5],
        "colorDiffuse":[0,0.102591,0.004014]
    },{
        "DbgIndex":6,
        "DbgColor":15597806,
        "transparent":false,
        "specularCoef":50,
        "DbgName":"Material.002",
        "depthTest":true,
        "visible":true,
        "opacity":1,
        "blending":"NormalBlending",
        "wireframe":false,
        "depthWrite":true,
        "colorEmissive":[0,0,0],
        "shading":"phong",
        "colorSpecular":[0.5,0.5,0.5],
        "colorDiffuse":[0.102591,0.021463,0.005407]
    },{
        "DbgIndex":0,
        "DbgColor":15658734,
        "transparent":false,
        "specularCoef":50,
        "DbgName":"Material.003",
        "depthTest":true,
        "visible":true,
        "opacity":1,
        "blending":"NormalBlending",
        "wireframe":false,
        "depthWrite":true,
        "colorEmissive":[0,0,0],
        "shading":"phong",
        "colorSpecular":[0.5,0.5,0.5],
        "colorDiffuse":[0.191641,0.191641,0.191641]
    },{
        "DbgIndex":2,
        "DbgColor":60928,
        "transparent":false,
        "specularCoef":50,
        "DbgName":"Material.007",
        "depthTest":true,
        "visible":true,
        "opacity":1,
        "blending":"NormalBlending",
        "wireframe":false,
        "depthWrite":true,
        "colorEmissive":[0,0,0],
        "shading":"phong",
        "colorSpecular":[0.5,0.5,0.5],
        "colorDiffuse":[0.005288,0.64,0.033405]
    },{
        "DbgIndex":1,
        "DbgColor":15597568,
        "transparent":false,
        "specularCoef":50,
        "DbgName":"Material.004",
        "depthTest":true,
        "visible":true,
        "opacity":1,
        "blending":"NormalBlending",
        "wireframe":false,
        "depthWrite":true,
        "colorEmissive":[0,0,0],
        "shading":"phong",
        "colorSpecular":[0.5,0.5,0.5],
        "colorDiffuse":[0.64,0.64,0.64]
    }],
    "name":"Cube.001Geometry.1"
}