{
    "faces":[33,1,3,11,10,0,0,0,0,33,2,3,7,6,1,1,1,1,33,6,4,27,26,0,0,0,0,33,1,0,4,5,2,2,2,2,33,2,6,26,24,0,0,0,0,33,0,2,24,25,0,0,0,0,33,26,27,31,30,3,3,3,3,33,2,0,9,8,0,0,0,0,33,3,2,8,11,0,0,0,0,33,0,1,10,9,0,0,0,0,33,12,13,14,15,4,4,4,4,33,7,13,12,6,5,5,5,5,33,5,14,13,7,6,6,6,6,33,4,15,14,5,2,2,2,2,33,6,12,15,4,7,7,7,7,33,16,17,18,19,8,8,8,8,33,3,17,16,7,9,9,9,9,33,1,18,17,3,10,10,10,10,33,5,19,18,1,11,11,11,11,33,7,16,19,5,4,4,4,4,33,20,21,22,23,10,10,10,10,33,10,21,20,9,12,12,12,12,33,11,22,21,10,8,8,8,8,33,8,23,22,11,13,13,13,13,33,9,20,23,8,14,14,14,14,33,4,0,25,27,0,0,0,0,33,28,30,31,29,7,7,7,7,33,25,24,28,29,15,15,15,15,33,27,25,29,31,16,16,16,16,33,24,26,30,28,17,17,17,17],
    "vertices":[-0.297955,2.51615,0.211546,-0.297955,3.05943,0.211546,-0.297955,2.51615,-0.331731,-0.297955,3.05943,-0.331731,0.245322,2.51615,0.211546,0.245322,3.05943,0.211546,0.245322,2.51615,-0.331731,0.245322,3.05943,-0.331731,-0.297955,2.51615,-0.331731,-0.297955,2.51615,0.211546,-0.297955,3.05943,0.211546,-0.297955,3.05943,-0.331731,1.35213,2.51615,-0.331731,1.35213,3.05943,-0.331731,1.35213,3.05943,0.211546,1.35213,2.51615,0.211546,0.245322,4.16623,-0.331731,-0.297955,4.16623,-0.331731,-0.297955,4.16623,0.211546,0.245322,4.16623,0.211546,-1.40476,2.51615,0.211546,-1.40476,3.05943,0.211546,-1.40476,3.05943,-0.331731,-1.40476,2.51615,-0.331731,-0.297955,2.51615,-0.331731,-0.297955,2.51615,0.211546,0.245322,2.51615,-0.331731,0.245322,2.51615,0.211546,-0.297955,0.035993,-0.331731,-0.297955,0.035993,0.211546,0.245322,0.035993,-0.331731,0.245322,0.035993,0.211546],
    "uvs":[],
    "normals":[0,0,-0,-0,-1,-0,0,1,-0,1,0,0,1,0,-0,0,-1,-0,0,-0,-1,0,-0,1,0,0,-1,0,-1,0,-1,0,-0,0,1,-0,0,1,0,0,-1,0,0,0,1,-1,0,-0,0,1,-0,0,-1,0],
    "name":"Cube.004Geometry",
    "metadata":{
        "type":"Geometry",
        "normals":18,
        "uvs":0,
        "version":3,
        "vertices":32,
        "faces":30,
        "generator":"io_three"
    }
}